45.2474;19.85112;Bulevar cara Lazara 3, Novi Sad, 21000
45.24935;19.84623;Sutjeska 3 Novi Sad, 21000
45.24648;19.83968;Bulevar oslobodjenja 96, Novi Sad, 21000
45.255199;19.845123;Trg Slobode, Novi Sad, 21000
45.255199;19.845123;Trg Slobode, Novi Sad, 21000
123.0;123.0;Trg Slobode, Novi Sad 21000
44.98072;16.713353;Centar, Prijedor, 18000
123.0;123.0;Trg Slobode, Novi Sad 21000
12.3456;12.3456;Trg Slobode, Novi Sad 21000
