45.2474;19.85112;Bulevar cara Lazara 3, Novi Sad 21000
45.24935;19.84623;Sutjeska 3 Novi Sad 21000
45.24648;19.83968;Bulevar oslobodjenja 96, Novi Sad 21000
